{"count":1,"self":60.133696,"total":60.8181416,"children":{"AgentSendState":{"count":2796,"self":0.043987899999999996,"total":0.054956399999999996,"children":{"CollectObservations":{"count":465,"self":0.0099699,"total":0.0099699,"children":null},"CollectDiscreteActionMasks":{"count":465,"self":0.00099859999999999988,"total":0.00099859999999999988,"children":null}}},"DecideAction":{"count":2796,"self":0.5385793,"total":0.5795113,"children":{"RayPerceptionSensor.Perceive":{"count":465,"self":0.040931999999999996,"total":0.040931999999999996,"children":null}}},"AgentAct":{"count":2796,"self":0.048977799999999995,"total":0.048977799999999995,"children":null}},"gauges":{"PenguinLearning.CumulativeReward":{"count":1,"max":9.579596,"min":9.579596,"runningAverage":9.579596,"value":9.579596,"weightedAverage":9.579596}},"metadata":{"timer_format_version":"0.1.0","start_time_seconds":"1599676929","unity_version":"2019.3.15f1","command_line_arguments":"G:\\Programas\\Unity\\Editor\\Unity.exe","communication_protocol_version":"1.0.0","com.unity.ml-agents_version":"1.0.2","scene_name":"Menu","end_time_seconds":"1599676990"}}